step,time,simulated_speed,exact_phase,numerical_phase,phase_error
0,0,1,0,0,0
1,0.1,1,-0.1,-0.0999167914439,8.32085561145e-05
2,0.2,1,-0.2,-0.199833582888,0.000166417112229
3,0.3,1,-0.3,-0.299750374332,0.000249625668343
4,0.4,1,-0.4,-0.399667165776,0.000332834224458
5,0.5,1,-0.5,-0.499583957219,0.000416042780572
6,0.6,1,-0.6,-0.599500748663,0.000499251336687
7,0.7,1,-0.7,-0.699417540107,0.000582459892801
8,0.8,1,-0.8,-0.799334331551,0.000665668448916
9,0.9,1,-0.9,-0.899251122995,0.00074887700503
10,1,1,-1,-0.999167914439,0.000832085561145
11,1.1,1,-1.1,-1.09908470588,0.000915294117259
12,1.2,1,-1.2,-1.19900149733,0.000998502673374
13,1.3,1,-1.3,-1.29891828877,0.00108171122949
14,1.4,1,-1.4,-1.39883508021,0.0011649197856
15,1.5,1,-1.5,-1.49875187166,0.00124812834172
16,1.6,1,-1.6,-1.5986686631,0.00133133689783
17,1.7,1,-1.7,-1.69858545455,0.00141454545395
18,1.8,1,-1.8,-1.79850224599,0.00149775401006
19,1.9,1,-1.9,-1.89841903743,0.00158096256618
20,2,1,-2,-1.99833582888,0.00166417112229
21,2.1,1,-2.1,-2.09825262032,0.0017473796784
22,2.2,1,-2.2,-2.19816941177,0.00183058823452
23,2.3,1,-2.3,-2.29808620321,0.00191379679063
24,2.4,1,-2.4,-2.39800299465,0.00199700534675
25,2.5,1,-2.5,-2.4979197861,0.00208021390286
26,2.6,1,-2.6,-2.59783657754,0.00216342245898
27,2.7,1,-2.7,-2.69775336898,0.00224663101509
28,2.8,1,-2.8,-2.79767016043,0.00232983957121
29,2.9,1,-2.9,-2.89758695187,0.00241304812732
30,3,1,-3,-2.99750374332,0.00249625668344
31,3.1,1,-3.1,-3.09742053476,0.00257946523955
32,3.2,1,-3.2,-3.1973373262,0.00266267379566
33,3.3,1,-3.3,-3.29725411765,0.00274588235178
34,3.4,1,-3.4,-3.39717090909,0.00282909090789
35,3.5,1,-3.5,-3.49708770054,0.00291229946401
36,3.6,1,-3.6,-3.59700449198,0.00299550802012
37,3.7,1,-3.7,-3.69692128342,0.00307871657624
38,3.8,1,-3.8,-3.79683807487,0.00316192513235
39,3.9,1,-3.9,-3.89675486631,0.00324513368847
40,4,1,-4,-3.99667165776,0.00332834224458
41,4.1,1,-4.1,-4.0965884492,0.0034115508007
42,4.2,1,-4.2,-4.19650524064,0.00349475935681
43,4.3,1,-4.3,-4.29642203209,0.00357796791292
44,4.4,1,-4.4,-4.39633882353,0.00366117646904
45,4.5,1,-4.5,-4.49625561497,0.00374438502515
46,4.6,1,-4.6,-4.59617240642,0.00382759358127
47,4.7,1,-4.7,-4.69608919786,0.00391080213738
48,4.8,1,-4.8,-4.79600598931,0.0039940106935
49,4.9,1,-4.9,-4.89592278075,0.00407721924961
50,5,1,-5,-4.99583957219,0.00416042780572
51,5.1,1,-5.1,-5.09575636364,0.00424363636184
52,5.2,1,-5.2,-5.19567315508,0.00432684491795
53,5.3,1,-5.3,-5.29558994653,0.00441005347407
54,5.4,1,-5.4,-5.39550673797,0.00449326203018
55,5.5,1,-5.5,-5.49542352941,0.00457647058629
56,5.6,1,-5.6,-5.59534032086,0.00465967914241
57,5.7,1,-5.7,-5.6952571123,0.00474288769852
58,5.8,1,-5.8,-5.79517390375,0.00482609625464
59,5.9,1,-5.9,-5.89509069519,0.00490930481075
60,6,1,-6,-5.99500748663,0.00499251336687
61,6.1,1,-6.1,-6.09492427808,0.00507572192298
62,6.2,1,-6.2,-6.19484106952,0.00515893047909
63,6.3,1,-6.3,-6.29475786096,0.00524213903521
64,6.4,1,-6.4,-6.39467465241,0.00532534759132
65,6.5,1,-6.5,-6.49459144385,0.00540855614744
66,6.6,1,-6.6,-6.5945082353,0.00549176470355
67,6.7,1,-6.7,-6.69442502674,0.00557497325967
68,6.8,1,-6.8,-6.79434181818,0.00565818181578
69,6.9,1,-6.9,-6.89425860963,0.00574139037189
70,7,1,-7,-6.99417540107,0.00582459892801
71,7.1,1,-7.1,-7.09409219252,0.00590780748412
72,7.2,1,-7.2,-7.19400898396,0.00599101604024
73,7.3,1,-7.3,-7.2939257754,0.00607422459635
74,7.4,1,-7.4,-7.39384256685,0.00615743315246
75,7.5,1,-7.5,-7.49375935829,0.00624064170858
76,7.6,1,-7.6,-7.59367614974,0.00632385026469
77,7.7,1,-7.7,-7.69359294118,0.00640705882081
78,7.8,1,-7.8,-7.79350973262,0.00649026737692
79,7.9,1,-7.9,-7.89342652407,0.00657347593304
80,8,1,-8,-7.99334331551,0.00665668448915
81,8.1,1,-8.1,-8.09326010695,0.00673989304526
82,8.2,1,-8.2,-8.1931768984,0.00682310160138
83,8.3,1,-8.3,-8.29309368984,0.0069063101575
84,8.4,1,-8.4,-8.39301048129,0.00698951871361
85,8.5,1,-8.5,-8.49292727273,0.00707272726972
86,8.6,1,-8.6,-8.59284406417,0.00715593582584
87,8.7,1,-8.7,-8.69276085562,0.00723914438196
88,8.8,1,-8.8,-8.79267764706,0.00732235293807
89,8.9,1,-8.9,-8.89259443851,0.00740556149418
90,9,1,-9,-8.99251122995,0.0074887700503
91,9.1,1,-9.1,-9.09242802139,0.00757197860641
92,9.2,1,-9.2,-9.19234481284,0.00765518716253
93,9.3,1,-9.3,-9.29226160428,0.00773839571865
94,9.4,1,-9.4,-9.39217839573,0.00782160427476
95,9.5,1,-9.5,-9.49209518717,0.00790481283087
96,9.6,1,-9.6,-9.59201197861,0.00798802138699
97,9.7,1,-9.7,-9.69192877006,0.00807122994311
98,9.8,1,-9.8,-9.7918455615,0.00815443849922
99,9.9,1,-9.9,-9.89176235294,0.00823764705533
100,10,1,-10,-9.99167914439,0.00832085561145
